IP地址,端口,TLS,数据中心,地区,城市,网络延迟,测速 MB/s
45.8.145.241,2053,TRUE,AMS,Europe,Amsterdam,168 ms,14.74
104.245.12.55,443,TRUE,SJC,North America,San Jose,162 ms,14.08
38.180.160.235,2053,TRUE,AMS,Europe,Amsterdam,142 ms,13.34
95.179.239.213,8443,TRUE,LHR,Europe,London,176 ms,12.84
37.221.126.43,443,TRUE,ARN,Europe,Stockholm,228 ms,12.73
192.248.150.129,2053,TRUE,LHR,Europe,London,162 ms,12.69
37.123.192.172,443,TRUE,SJC,North America,San Jose,168 ms,12.67
185.214.103.3,8443,TRUE,ICN,Asia Pacific,Seoul,52 ms,12.58
78.141.242.182,2053,TRUE,LHR,Europe,London,170 ms,12.39
37.1.219.61,443,TRUE,AMS,Europe,Amsterdam,133 ms,12.21
38.143.0.91,443,TRUE,LAX,North America,Los Angeles,163 ms,12.15
43.245.198.31,34237,TRUE,SIN,Asia Pacific,Singapore,95 ms,11.88
45.136.50.241,8443,TRUE,AMS,Europe,Amsterdam,137 ms,11.81
45.87.154.25,2053,TRUE,AMS,Europe,Amsterdam,344 ms,11.81
45.8.145.241,8443,TRUE,AMS,Europe,Amsterdam,189 ms,11.72
195.54.174.74,443,TRUE,AMS,Europe,Amsterdam,150 ms,11.64
5.45.70.75,8443,TRUE,AMS,Europe,Amsterdam,138 ms,11.62
172.234.96.64,2053,TRUE,ARN,Europe,Stockholm,196 ms,11.56
139.162.171.241,8443,TRUE,FRA,Europe,Frankfurt,189 ms,11.54
37.1.203.192,443,TRUE,HAM,Europe,Hamburg,151 ms,11.53
147.182.207.243,2053,TRUE,SJC,North America,San Jose,158 ms,11.49
45.76.129.165,8443,TRUE,LHR,Europe,London,171 ms,11.39
164.92.157.131,8443,TRUE,AMS,Europe,Amsterdam,223 ms,11.35
179.43.180.231,443,TRUE,FRA,Europe,Frankfurt,170 ms,11.33
45.63.99.113,8443,TRUE,LHR,Europe,London,167 ms,11.24
5.45.95.134,2053,TRUE,AMS,Europe,Amsterdam,128 ms,11.23
86.38.156.83,2053,TRUE,FRA,Europe,Frankfurt,232 ms,11.22
38.180.160.235,8443,TRUE,AMS,Europe,Amsterdam,146 ms,11.09
91.92.16.51,443,TRUE,AMS,Europe,Amsterdam,147 ms,11.08
24.199.115.220,443,TRUE,SJC,North America,San Jose,158 ms,11.06
38.105.26.216,34237,TRUE,LAX,North America,Los Angeles,182 ms,11.02
195.16.74.188,8443,TRUE,IST,Europe,Istanbul,170 ms,11.01
144.202.102.129,443,TRUE,LAX,North America,Los Angeles,180 ms,11
172.105.79.224,2083,TRUE,FRA,Europe,Frankfurt,185 ms,11
66.245.193.180,2087,TRUE,MAN,Europe,Manchester,189 ms,10.95
38.180.57.184,443,TRUE,AMS,Europe,Amsterdam,158 ms,10.9
94.131.108.151,2053,TRUE,IST,Europe,Istanbul,181 ms,10.9
94.131.123.74,443,TRUE,VIE,Europe,Vienna,164 ms,10.81
91.193.5.102,2053,TRUE,MXP,Europe,Milan,191 ms,10.8
154.12.60.51,443,TRUE,HKG,Asia Pacific,Hong Kong,44 ms,10.72
188.116.24.56,8443,TRUE,AMS,Europe,Amsterdam,133 ms,10.68
154.40.40.44,34237,TRUE,LAX,North America,Los Angeles,160 ms,10.67
139.59.75.66,443,TRUE,MAA,Asia Pacific,Chennai,174 ms,10.66
136.244.71.65,2053,TRUE,LHR,Europe,London,175 ms,10.66
51.89.184.223,8443,TRUE,LHR,Europe,London,244 ms,10.63
5.180.45.21,2053,TRUE,IST,Europe,Istanbul,152 ms,10.62
37.1.216.25,8443,TRUE,AMS,Europe,Amsterdam,159 ms,10.62
194.58.56.49,443,TRUE,AMS,Europe,Amsterdam,167 ms,10.62
38.180.122.29,8443,TRUE,AMS,Europe,Amsterdam,176 ms,10.59
23.159.248.90,34237,TRUE,AMS,Europe,Amsterdam,159 ms,10.58
38.180.48.140,443,TRUE,FRA,Europe,Frankfurt,197 ms,10.56
38.180.117.153,8443,TRUE,AMS,Europe,Amsterdam,136 ms,10.54
45.136.50.237,443,TRUE,AMS,Europe,Amsterdam,134 ms,10.53
23.94.101.139,2053,TRUE,AMS,Europe,Amsterdam,223 ms,10.51
139.162.190.137,8443,TRUE,FRA,Europe,Frankfurt,192 ms,10.5
45.87.154.25,8443,TRUE,AMS,Europe,Amsterdam,189 ms,10.47
37.1.221.82,8443,TRUE,AMS,Europe,Amsterdam,166 ms,10.46
185.238.169.177,443,TRUE,AMS,Europe,Amsterdam,146 ms,10.45
38.180.15.138,443,TRUE,FRA,Europe,Frankfurt,191 ms,10.42
37.221.126.123,443,TRUE,ARN,Europe,Stockholm,201 ms,10.42
45.14.246.36,2053,TRUE,KBP,Europe,Kyiv,152 ms,10.4
38.143.0.59,443,TRUE,LAX,North America,Los Angeles,163 ms,10.4
195.16.74.188,2053,TRUE,IST,Europe,Istanbul,164 ms,10.4
94.156.2.137,443,TRUE,AMS,Europe,Amsterdam,161 ms,10.39
137.220.34.134,8443,TRUE,SEA,North America,Seattle,185 ms,10.35
38.180.161.147,2053,TRUE,FRA,Europe,Frankfurt,169 ms,10.33
38.180.69.31,8443,TRUE,AMS,Europe,Amsterdam,135 ms,10.32
91.92.16.85,443,TRUE,AMS,Europe,Amsterdam,150 ms,10.32
94.131.108.151,8443,TRUE,IST,Europe,Istanbul,197 ms,10.29
173.242.121.248,34237,TRUE,LAX,North America,Los Angeles,193 ms,10.28
192.248.174.234,8443,TRUE,LHR,Europe,London,193 ms,10.24
172.233.51.39,2053,TRUE,AMS,Europe,Amsterdam,212 ms,10.24
172.232.133.213,2053,TRUE,ARN,Europe,Stockholm,176 ms,10.23
195.16.74.173,8443,TRUE,IST,Europe,Istanbul,178 ms,10.22
38.180.104.27,2053,TRUE,IST,Europe,Istanbul,249 ms,10.22
194.58.56.46,443,TRUE,AMS,Europe,Amsterdam,162 ms,10.2
95.164.85.23,443,TRUE,AMS,Europe,Amsterdam,190 ms,10.2
46.3.100.136,443,TRUE,NRT,Asia Pacific,Tokyo,54 ms,10.19
38.47.116.136,34237,TRUE,LAX,North America,Los Angeles,161 ms,10.18
91.92.16.81,443,TRUE,AMS,Europe,Amsterdam,166 ms,10.17
46.101.204.140,443,TRUE,FRA,Europe,Frankfurt,206 ms,10.14
199.193.126.19,443,TRUE,LAX,North America,Los Angeles,164 ms,10.13
23.94.216.163,2053,TRUE,AMS,Europe,Amsterdam,168 ms,10.11
66.245.194.136,2096,TRUE,MAN,Europe,Manchester,178 ms,10.08
23.94.216.231,8443,TRUE,AMS,Europe,Amsterdam,175 ms,10.07
38.47.117.77,443,TRUE,LAX,North America,Los Angeles,158 ms,10.06
94.156.2.186,443,TRUE,AMS,Europe,Amsterdam,161 ms,10.06
94.131.123.251,2053,TRUE,IST,Europe,Istanbul,168 ms,10.06
95.164.10.50,443,TRUE,CPH,Europe,Copenhagen,172 ms,10.03
38.59.242.131,443,TRUE,SJC,North America,San Jose,162 ms,9.95
5.61.56.175,8443,TRUE,AMS,Europe,Amsterdam,169 ms,9.95
37.252.5.75,443,TRUE,OSL,Europe,Oslo,246 ms,9.95
173.242.124.213,443,TRUE,LAX,North America,Los Angeles,203 ms,9.93
37.221.126.43,2053,TRUE,ARN,Europe,Stockholm,238 ms,9.88
193.57.136.195,8443,TRUE,IST,Europe,Istanbul,158 ms,9.8
51.91.215.11,2053,TRUE,LHR,Europe,London,248 ms,9.78
38.180.99.226,2053,TRUE,AMS,Europe,Amsterdam,129 ms,9.76
38.58.177.116,34237,TRUE,SLC,North America,Salt Lake City,197 ms,9.75
207.246.100.241,34237,TRUE,LAX,North America,Los Angeles,201 ms,9.74
192.3.187.82,8443,TRUE,YYZ,North America,Toronto,281 ms,9.63
54.38.59.230,2053,TRUE,WAW,Europe,Warsaw,186 ms,9.62
107.175.76.16,443,TRUE,YYZ,North America,Toronto,277 ms,9.6
38.47.116.39,34237,TRUE,LAX,North America,Los Angeles,183 ms,9.59
94.156.2.192,443,TRUE,AMS,Europe,Amsterdam,203 ms,9.58
94.156.2.190,443,TRUE,AMS,Europe,Amsterdam,165 ms,9.55
38.180.96.78,443,TRUE,AMS,Europe,Amsterdam,152 ms,9.53
172.232.217.42,2053,TRUE,MXP,Europe,Milan,163 ms,9.5
37.221.126.230,8443,TRUE,ARN,Europe,Stockholm,210 ms,9.5
172.232.152.38,2053,TRUE,ARN,Europe,Stockholm,192 ms,9.48
37.1.221.82,2053,TRUE,AMS,Europe,Amsterdam,156 ms,9.46
103.57.167.29,443,TRUE,SYD,Oceania,Sydney,151 ms,9.45
51.38.146.61,8443,TRUE,WAW,Europe,Warsaw,243 ms,9.42
206.189.129.187,443,TRUE,MAA,Asia Pacific,Chennai,127 ms,9.4
5.61.59.224,443,TRUE,AMS,Europe,Amsterdam,148 ms,9.38
23.94.107.172,2053,TRUE,AMS,Europe,Amsterdam,163 ms,9.35
146.190.33.224,8443,TRUE,SJC,North America,San Jose,169 ms,9.29
139.162.145.35,2053,TRUE,FRA,Europe,Frankfurt,155 ms,9.2
38.180.10.162,443,TRUE,OSL,Europe,Oslo,244 ms,9.19
172.233.47.113,2053,TRUE,AMS,Europe,Amsterdam,185 ms,9.16
208.85.20.81,2053,TRUE,MAD,Europe,Madrid,187 ms,9.16
95.164.8.151,8443,TRUE,TLL,Europe,Tallinn,247 ms,9.1
94.131.123.13,2053,TRUE,IST,Europe,Istanbul,175 ms,9.05
38.143.9.247,443,TRUE,LAX,North America,Los Angeles,167 ms,8.98
5.180.45.21,8443,TRUE,IST,Europe,Istanbul,187 ms,8.98
103.231.75.99,8443,TRUE,IST,Europe,Istanbul,185 ms,8.97
172.233.53.137,2053,TRUE,AMS,Europe,Amsterdam,167 ms,8.96
45.91.82.74,443,TRUE,LAX,North America,Los Angeles,190 ms,8.96
45.76.70.83,34237,TRUE,LAX,North America,Los Angeles,247 ms,8.94
74.211.104.133,443,TRUE,LAX,North America,Los Angeles,182 ms,8.91
136.244.71.128,2053,TRUE,LHR,Europe,London,178 ms,8.9
207.60.50.24,8443,TRUE,LAX,North America,Los Angeles,186 ms,8.88
172.234.123.26,8443,TRUE,ARN,Europe,Stockholm,188 ms,8.86
195.54.175.213,8443,TRUE,AMS,Europe,Amsterdam,171 ms,8.8
38.180.172.74,2053,TRUE,IST,Europe,Istanbul,184 ms,8.79
45.87.153.141,8443,TRUE,AMS,Europe,Amsterdam,175 ms,8.78
154.64.239.85,34237,TRUE,LAX,North America,Los Angeles,193 ms,8.78
172.233.108.227,8443,TRUE,MAD,Europe,Madrid,197 ms,8.77
38.54.101.251,34237,TRUE,LAX,North America,Los Angeles,188 ms,8.71
206.119.79.166,34237,TRUE,LAX,North America,Los Angeles,184 ms,8.7
95.164.8.162,443,TRUE,TLL,Europe,Tallinn,197 ms,8.7
38.180.117.153,2053,TRUE,AMS,Europe,Amsterdam,149 ms,8.68
146.190.155.154,443,TRUE,SJC,North America,San Jose,165 ms,8.67
193.46.56.240,8443,TRUE,IST,Europe,Istanbul,192 ms,8.67
209.38.76.70,443,TRUE,SJC,North America,San Jose,177 ms,8.65
38.180.163.106,443,TRUE,TLL,Europe,Tallinn,189 ms,8.62
143.42.17.72,443,TRUE,FRA,Europe,Frankfurt,161 ms,8.58
172.232.144.24,443,TRUE,ARN,Europe,Stockholm,190 ms,8.58
95.179.197.216,443,TRUE,LHR,Europe,London,176 ms,8.55
51.77.94.130,8443,TRUE,FRA,Europe,Frankfurt,261 ms,8.55
142.111.77.110,443,TRUE,FRA,Europe,Frankfurt,161 ms,8.51
162.19.148.195,8443,TRUE,FRA,Europe,Frankfurt,205 ms,8.5
94.131.105.248,8443,TRUE,AMS,Europe,Amsterdam,161 ms,8.46
51.89.85.102,443,TRUE,FRA,Europe,Frankfurt,261 ms,8.45
38.180.181.20,2053,TRUE,FRA,Europe,Frankfurt,223 ms,8.42
65.20.107.213,2083,TRUE,MAD,Europe,Madrid,190 ms,8.41
54.38.130.59,8443,TRUE,WAW,Europe,Warsaw,232 ms,8.41
37.1.203.112,8443,TRUE,AMS,Europe,Amsterdam,158 ms,8.39
164.92.157.131,2053,TRUE,AMS,Europe,Amsterdam,247 ms,8.37
95.164.116.218,2053,TRUE,IST,Europe,Istanbul,184 ms,8.36
45.82.253.44,8443,TRUE,TLL,Europe,Tallinn,213 ms,8.36
45.120.178.224,2053,TRUE,AMS,Europe,Amsterdam,189 ms,8.32
5.45.95.134,8443,TRUE,AMS,Europe,Amsterdam,134 ms,8.3
154.9.205.166,34237,TRUE,LAX,North America,Los Angeles,163 ms,8.3
141.95.117.103,8443,TRUE,FRA,Europe,Frankfurt,215 ms,8.22
94.131.108.74,8443,TRUE,IST,Europe,Istanbul,158 ms,8.17
172.234.96.64,8443,TRUE,ARN,Europe,Stockholm,181 ms,8.16
134.209.166.201,8443,TRUE,EWR,North America,Newark,243 ms,8.15
149.28.91.33,34237,TRUE,LAX,North America,Los Angeles,216 ms,8.13
91.92.16.168,443,TRUE,AMS,Europe,Amsterdam,140 ms,8.09
64.23.138.62,443,TRUE,SJC,North America,San Jose,155 ms,8.07
37.252.4.142,2053,TRUE,TLL,Europe,Tallinn,175 ms,8.06
159.203.172.237,8443,TRUE,EWR,North America,Newark,216 ms,8.05
37.1.201.53,2053,TRUE,AMS,Europe,Amsterdam,140 ms,8.04
51.195.249.199,8443,TRUE,LHR,Europe,London,229 ms,8.04
5.135.21.188,2053,TRUE,LHR,Europe,London,203 ms,8.03
38.150.0.22,34237,TRUE,DEN,North America,Denver,210 ms,8.02
188.116.21.35,443,TRUE,AMS,Europe,Amsterdam,130 ms,8.01
172.233.45.197,2053,TRUE,AMS,Europe,Amsterdam,164 ms,8
95.164.8.214,8443,TRUE,TLL,Europe,Tallinn,176 ms,7.98
93.185.166.62,8443,TRUE,AMS,Europe,Amsterdam,204 ms,7.98
95.179.236.51,443,TRUE,LHR,Europe,London,177 ms,7.97
38.180.172.74,8443,TRUE,IST,Europe,Istanbul,184 ms,7.97
45.150.64.152,8443,TRUE,HEL,Europe,Helsinki,199 ms,7.97
157.230.28.134,443,TRUE,FRA,Europe,Frankfurt,214 ms,7.97
94.131.105.129,8443,TRUE,AMS,Europe,Amsterdam,152 ms,7.96
94.131.123.28,8443,TRUE,BUD,Europe,Budapest,177 ms,7.95
45.153.230.41,443,TRUE,FRA,Europe,Frankfurt,256 ms,7.95
158.69.60.87,2053,TRUE,YYZ,North America,Toronto,319 ms,7.95
172.232.50.26,2083,TRUE,CDG,Europe,Paris,161 ms,7.94
154.21.193.39,8443,TRUE,LAX,North America,Los Angeles,166 ms,7.91
46.101.65.141,2053,TRUE,LHR,Europe,London,220 ms,7.9
103.113.69.99,443,TRUE,WAW,Europe,Warsaw,221 ms,7.87
154.64.232.203,34237,TRUE,LAX,North America,Los Angeles,176 ms,7.86
38.180.206.150,2053,TRUE,DME,Europe,Moscow,209 ms,7.82
37.1.223.205,443,TRUE,AMS,Europe,Amsterdam,169 ms,7.81
154.40.39.232,443,TRUE,LAX,North America,Los Angeles,173 ms,7.81
38.150.34.158,443,TRUE,LAX,North America,Los Angeles,166 ms,7.8
179.43.140.41,8443,TRUE,FRA,Europe,Frankfurt,170 ms,7.73
185.235.242.196,8443,TRUE,DME,Europe,Moscow,223 ms,7.72
45.87.153.208,2053,TRUE,AMS,Europe,Amsterdam,244 ms,7.7
94.131.105.46,8443,TRUE,AMS,Europe,Amsterdam,163 ms,7.67
38.180.163.78,443,TRUE,TLL,Europe,Tallinn,199 ms,7.67
162.19.212.24,2083,TRUE,FRA,Europe,Frankfurt,176 ms,7.66
80.79.114.176,2053,TRUE,TLL,Europe,Tallinn,235 ms,7.62
45.14.246.153,2053,TRUE,KBP,Europe,Kyiv,172 ms,7.6
38.111.219.106,34237,TRUE,LAX,North America,Los Angeles,180 ms,7.6
85.208.110.181,443,TRUE,AMS,Europe,Amsterdam,199 ms,7.6
38.180.70.240,8443,TRUE,AMS,Europe,Amsterdam,128 ms,7.59
46.101.207.148,2053,TRUE,FRA,Europe,Frankfurt,216 ms,7.58
65.20.106.44,2053,TRUE,MAD,Europe,Madrid,191 ms,7.55
167.71.60.160,2053,TRUE,FRA,Europe,Frankfurt,245 ms,7.54
156.227.0.132,8443,TRUE,FRA,Europe,Frankfurt,165 ms,7.53
139.59.130.83,2053,TRUE,FRA,Europe,Frankfurt,224 ms,7.52
23.94.217.204,443,TRUE,AMS,Europe,Amsterdam,182 ms,7.51
159.223.249.103,2053,TRUE,FRA,Europe,Frankfurt,230 ms,7.51
95.164.8.55,443,TRUE,TLL,Europe,Tallinn,237 ms,7.49
166.88.132.108,443,TRUE,FRA,Europe,Frankfurt,171 ms,7.48
206.189.56.68,8443,TRUE,FRA,Europe,Frankfurt,207 ms,7.47
45.14.245.103,443,TRUE,AMS,Europe,Amsterdam,217 ms,7.47
38.180.10.173,443,TRUE,TLL,Europe,Tallinn,217 ms,7.46
78.141.226.35,2053,TRUE,LHR,Europe,London,167 ms,7.44
23.94.2.196,34237,TRUE,DFW,North America,Dallas,251 ms,7.44
45.83.142.35,443,TRUE,MAD,Europe,Madrid,224 ms,7.4
146.190.114.215,443,TRUE,SJC,North America,San Jose,179 ms,7.39
209.38.190.119,2053,TRUE,FRA,Europe,Frankfurt,212 ms,7.39
135.125.239.132,8443,TRUE,FRA,Europe,Frankfurt,241 ms,7.37
149.28.14.137,34237,TRUE,SEA,North America,Seattle,188 ms,7.34
167.71.60.160,8443,TRUE,FRA,Europe,Frankfurt,215 ms,7.34
91.200.242.117,443,TRUE,NRT,Asia Pacific,Tokyo,140 ms,7.33
46.105.59.149,2053,TRUE,CDG,Europe,Paris,251 ms,7.33
46.101.243.68,443,TRUE,FRA,Europe,Frankfurt,279 ms,7.33
23.27.24.161,8443,TRUE,WAW,Europe,Warsaw,183 ms,7.32
178.23.190.243,443,TRUE,AMS,Europe,Amsterdam,227 ms,7.29
64.226.69.207,2053,TRUE,FRA,Europe,Frankfurt,244 ms,7.27
154.9.241.153,33319,TRUE,LAX,North America,Los Angeles,170 ms,7.26
139.59.48.26,8443,TRUE,MAA,Asia Pacific,Chennai,197 ms,7.26
134.209.248.243,8443,TRUE,FRA,Europe,Frankfurt,235 ms,7.26
46.22.210.175,2053,TRUE,TLL,Europe,Tallinn,182 ms,7.25
45.144.28.243,8443,TRUE,AMS,Europe,Amsterdam,213 ms,7.25
134.209.193.71,8443,TRUE,AMS,Europe,Amsterdam,221 ms,7.24
45.87.153.141,2053,TRUE,AMS,Europe,Amsterdam,242 ms,7.24
157.230.97.0,443,TRUE,FRA,Europe,Frankfurt,260 ms,7.24
139.162.191.98,2096,TRUE,FRA,Europe,Frankfurt,155 ms,7.22
154.21.193.39,2053,TRUE,LAX,North America,Los Angeles,170 ms,7.22
179.43.174.165,443,TRUE,FRA,Europe,Frankfurt,203 ms,7.22
50.7.22.220,2096,TRUE,AMS,Europe,Amsterdam,212 ms,7.22
206.189.195.4,8443,TRUE,EWR,North America,Newark,215 ms,7.22
188.166.78.41,8443,TRUE,AMS,Europe,Amsterdam,239 ms,7.22
144.126.249.236,2053,TRUE,EWR,North America,Newark,249 ms,7.21
78.141.226.90,2053,TRUE,LHR,Europe,London,166 ms,7.2
176.31.83.160,2053,TRUE,CDG,Europe,Paris,253 ms,7.19
38.242.229.125,8443,TRUE,DUS,Europe,Düsseldorf,214 ms,7.17
51.89.27.247,2053,TRUE,FRA,Europe,Frankfurt,233 ms,7.17
135.125.191.180,2053,TRUE,FRA,Europe,Frankfurt,243 ms,7.17
38.60.251.208,34237,TRUE,LAX,North America,Los Angeles,185 ms,7.16
95.164.10.53,2053,TRUE,CPH,Europe,Copenhagen,189 ms,7.16
172.232.45.28,2053,TRUE,CDG,Europe,Paris,183 ms,7.15
46.101.221.88,8443,TRUE,FRA,Europe,Frankfurt,257 ms,7.15
194.58.56.169,443,TRUE,AMS,Europe,Amsterdam,144 ms,7.14
38.107.234.123,443,TRUE,ALA,Asia Pacific,Almaty,232 ms,7.14
128.199.34.202,8443,TRUE,AMS,Europe,Amsterdam,268 ms,7.14
5.135.235.105,2053,TRUE,LHR,Europe,London,204 ms,7.13
38.180.44.217,443,TRUE,TLL,Europe,Tallinn,227 ms,7.13
64.226.123.111,2083,TRUE,FRA,Europe,Frankfurt,228 ms,7.1
51.83.201.202,8443,TRUE,WAW,Europe,Warsaw,256 ms,7.09
154.9.241.153,10276,TRUE,LAX,North America,Los Angeles,182 ms,7.08
45.55.135.93,443,TRUE,EWR,North America,Newark,271 ms,7.08
142.111.77.212,443,TRUE,FRA,Europe,Frankfurt,178 ms,7.06
165.22.82.35,8443,TRUE,FRA,Europe,Frankfurt,246 ms,7.06
176.31.45.37,8443,TRUE,LHR,Europe,London,279 ms,7.06
38.180.97.202,2053,TRUE,AMS,Europe,Amsterdam,156 ms,7.03
70.34.248.94,8443,TRUE,WAW,Europe,Warsaw,193 ms,7.03
128.199.41.87,443,TRUE,AMS,Europe,Amsterdam,221 ms,7.03
51.38.74.29,2053,TRUE,LHR,Europe,London,253 ms,7.03
94.131.98.24,8443,TRUE,ARN,Europe,Stockholm,207 ms,7.01
142.93.234.250,8443,TRUE,AMS,Europe,Amsterdam,221 ms,7.01
23.27.24.187,443,TRUE,WAW,Europe,Warsaw,168 ms,7
141.11.87.20,443,TRUE,TPE,Asia Pacific,Taipei,206 ms,7
38.107.234.135,443,TRUE,ALA,Asia Pacific,Almaty,208 ms,7
209.38.180.203,2053,TRUE,FRA,Europe,Frankfurt,219 ms,7
45.8.146.85,2053,TRUE,EWR,North America,Newark,243 ms,7
38.180.45.95,8443,TRUE,TLL,Europe,Tallinn,217 ms,6.99
38.180.104.27,443,TRUE,IST,Europe,Istanbul,271 ms,6.99
108.174.57.199,443,TRUE,BUF,North America,Buffalo,273 ms,6.98
136.175.179.90,990,TRUE,SJC,North America,San Jose,281 ms,6.98
142.93.141.178,443,TRUE,AMS,Europe,Amsterdam,226 ms,6.95
5.182.36.208,8443,TRUE,FRA,Europe,Frankfurt,265 ms,6.95
51.83.232.97,2053,TRUE,WAW,Europe,Warsaw,266 ms,6.95
103.113.69.83,2053,TRUE,WAW,Europe,Warsaw,216 ms,6.93
178.128.198.120,2053,TRUE,FRA,Europe,Frankfurt,226 ms,6.92
46.101.221.88,2053,TRUE,FRA,Europe,Frankfurt,251 ms,6.91
65.20.91.146,8443,TRUE,BOM,Asia Pacific,Mumbai,146 ms,6.89
45.14.244.251,8443,TRUE,AMS,Europe,Amsterdam,209 ms,6.88
104.248.24.155,8443,TRUE,FRA,Europe,Frankfurt,235 ms,6.87
142.111.77.108,2053,TRUE,FRA,Europe,Frankfurt,178 ms,6.84
162.19.135.219,2053,TRUE,FRA,Europe,Frankfurt,251 ms,6.84
50.7.22.221,2096,TRUE,AMS,Europe,Amsterdam,264 ms,6.84
162.19.131.89,8443,TRUE,FRA,Europe,Frankfurt,186 ms,6.83
185.234.66.105,8443,TRUE,IST,Europe,Istanbul,172 ms,6.82
167.172.152.157,443,TRUE,EWR,North America,Newark,238 ms,6.82
45.14.247.77,2053,TRUE,FRA,Europe,Frankfurt,248 ms,6.82
159.203.186.142,2053,TRUE,EWR,North America,Newark,251 ms,6.82
95.164.47.228,443,TRUE,FRA,Europe,Frankfurt,240 ms,6.81
51.195.143.76,8443,TRUE,LHR,Europe,London,257 ms,6.8
162.19.131.89,2053,TRUE,FRA,Europe,Frankfurt,199 ms,6.79
172.232.132.90,2083,TRUE,ARN,Europe,Stockholm,186 ms,6.77
51.195.102.68,2053,TRUE,FRA,Europe,Frankfurt,221 ms,6.77
107.175.127.18,8443,TRUE,DFW,North America,Dallas,257 ms,6.76
103.231.75.238,2053,TRUE,IST,Europe,Istanbul,174 ms,6.75
209.38.180.203,8443,TRUE,FRA,Europe,Frankfurt,239 ms,6.74
24.144.79.244,8443,TRUE,AMS,Europe,Amsterdam,244 ms,6.73
104.248.101.143,2053,TRUE,FRA,Europe,Frankfurt,249 ms,6.73
5.61.49.231,8443,TRUE,AMS,Europe,Amsterdam,130 ms,6.71
159.223.249.103,8443,TRUE,FRA,Europe,Frankfurt,218 ms,6.71
86.104.74.197,8443,TRUE,CDG,Europe,Paris,275 ms,6.71
51.91.175.20,2053,TRUE,CDG,Europe,Paris,287 ms,6.71
45.89.52.247,443,TRUE,VIE,Europe,Vienna,184 ms,6.69
38.180.56.32,2053,TRUE,ARN,Europe,Stockholm,279 ms,6.69
94.131.115.224,443,TRUE,OSL,Europe,Oslo,168 ms,6.68
192.3.211.197,2053,TRUE,YYZ,North America,Toronto,302 ms,6.67
213.32.121.186,2053,TRUE,LHR,Europe,London,237 ms,6.66
156.251.189.248,443,TRUE,LAX,North America,Los Angeles,204 ms,6.64
164.92.239.31,2087,TRUE,FRA,Europe,Frankfurt,213 ms,6.64
209.38.233.24,2096,TRUE,FRA,Europe,Frankfurt,217 ms,6.64
94.131.108.3,8443,TRUE,IST,Europe,Istanbul,163 ms,6.63
138.197.88.36,2053,TRUE,EWR,North America,Newark,208 ms,6.63
46.105.89.69,2053,TRUE,CDG,Europe,Paris,215 ms,6.63
103.113.71.86,8443,TRUE,FRA,Europe,Frankfurt,241 ms,6.63
37.1.220.5,8443,TRUE,AMS,Europe,Amsterdam,155 ms,6.6
194.58.56.111,443,TRUE,AMS,Europe,Amsterdam,160 ms,6.6
45.87.154.225,2053,TRUE,AMS,Europe,Amsterdam,200 ms,6.59
62.3.12.91,8443,TRUE,IST,Europe,Istanbul,182 ms,6.58
141.95.117.99,2053,TRUE,FRA,Europe,Frankfurt,210 ms,6.58
24.144.79.244,2053,TRUE,AMS,Europe,Amsterdam,229 ms,6.58
135.125.169.128,2053,TRUE,FRA,Europe,Frankfurt,235 ms,6.58
146.190.236.144,443,TRUE,AMS,Europe,Amsterdam,280 ms,6.58
172.232.150.17,2053,TRUE,ARN,Europe,Stockholm,192 ms,6.57
167.71.8.253,8443,TRUE,AMS,Europe,Amsterdam,256 ms,6.57
141.94.204.200,2053,TRUE,LHR,Europe,London,213 ms,6.56
45.153.230.239,8443,TRUE,FRA,Europe,Frankfurt,235 ms,6.56
135.125.215.57,8443,TRUE,FRA,Europe,Frankfurt,250 ms,6.56
45.67.35.7,2053,TRUE,AMS,Europe,Amsterdam,230 ms,6.55
5.181.23.178,2053,TRUE,TLL,Europe,Tallinn,194 ms,6.54
51.195.237.55,2053,TRUE,LHR,Europe,London,200 ms,6.54
38.54.12.41,8443,TRUE,FRA,Europe,Frankfurt,209 ms,6.54
51.38.90.115,2053,TRUE,LHR,Europe,London,237 ms,6.53
45.144.48.46,443,TRUE,WAW,Europe,Warsaw,278 ms,6.52
161.35.58.235,443,TRUE,EWR,North America,Newark,282 ms,6.51
51.38.140.109,8443,TRUE,WAW,Europe,Warsaw,238 ms,6.5
51.38.154.86,8443,TRUE,WAW,Europe,Warsaw,245 ms,6.5
139.59.139.10,443,TRUE,FRA,Europe,Frankfurt,282 ms,6.49
146.19.247.142,2053,TRUE,FRA,Europe,Frankfurt,231 ms,6.48
161.35.21.2,8443,TRUE,FRA,Europe,Frankfurt,209 ms,6.47
188.166.83.30,8443,TRUE,AMS,Europe,Amsterdam,276 ms,6.47
37.59.66.215,8443,TRUE,CDG,Europe,Paris,200 ms,6.45
45.82.255.95,443,TRUE,WAW,Europe,Warsaw,213 ms,6.45
178.33.69.64,2053,TRUE,LHR,Europe,London,230 ms,6.45
51.38.90.115,8443,TRUE,LHR,Europe,London,244 ms,6.45
174.138.101.195,8443,TRUE,FRA,Europe,Frankfurt,259 ms,6.45
185.216.13.253,443,TRUE,AMS,Europe,Amsterdam,211 ms,6.44
137.74.50.186,8443,TRUE,LHR,Europe,London,253 ms,6.44
162.19.158.37,8443,TRUE,FRA,Europe,Frankfurt,268 ms,6.43
45.14.245.104,2053,TRUE,AMS,Europe,Amsterdam,192 ms,6.42
165.232.70.127,2053,TRUE,FRA,Europe,Frankfurt,238 ms,6.42
141.94.205.248,2053,TRUE,LHR,Europe,London,221 ms,6.41
38.147.161.251,34237,TRUE,LAX,North America,Los Angeles,153 ms,6.39
37.221.125.224,2053,TRUE,FRA,Europe,Frankfurt,243 ms,6.39
50.7.22.222,2096,TRUE,AMS,Europe,Amsterdam,254 ms,6.39
208.85.20.81,8443,TRUE,MAD,Europe,Madrid,190 ms,6.38
51.195.69.17,8443,TRUE,FRA,Europe,Frankfurt,220 ms,6.38
167.71.5.250,8443,TRUE,AMS,Europe,Amsterdam,269 ms,6.38
45.136.51.186,2053,TRUE,AMS,Europe,Amsterdam,163 ms,6.37
176.97.74.132,2053,TRUE,TLL,Europe,Tallinn,197 ms,6.37
51.195.208.146,8443,TRUE,LHR,Europe,London,226 ms,6.37
167.172.190.46,2053,TRUE,FRA,Europe,Frankfurt,253 ms,6.37
51.38.144.109,2053,TRUE,WAW,Europe,Warsaw,254 ms,6.37
172.93.32.240,443,TRUE,SEA,North America,Seattle,236 ms,6.36
91.92.16.142,443,TRUE,AMS,Europe,Amsterdam,159 ms,6.34
64.226.74.67,2053,TRUE,FRA,Europe,Frankfurt,258 ms,6.34
192.227.175.231,443,TRUE,BUF,North America,Buffalo,325 ms,6.33
152.32.130.241,443,TRUE,LAX,North America,Los Angeles,189 ms,6.32
206.189.195.4,2053,TRUE,EWR,North America,Newark,215 ms,6.32
45.55.135.93,2096,TRUE,EWR,North America,Newark,218 ms,6.32
179.43.151.61,8443,TRUE,FRA,Europe,Frankfurt,177 ms,6.31
176.97.74.151,443,TRUE,TLL,Europe,Tallinn,187 ms,6.31
45.144.28.243,2053,TRUE,AMS,Europe,Amsterdam,221 ms,6.3
51.195.237.55,8443,TRUE,LHR,Europe,London,246 ms,6.3
107.172.131.77,34237,TRUE,YYZ,North America,Toronto,264 ms,6.29
70.34.244.221,2053,TRUE,WAW,Europe,Warsaw,171 ms,6.28
164.92.191.148,8443,TRUE,FRA,Europe,Frankfurt,210 ms,6.26
207.148.122.83,8443,TRUE,SIN,Asia Pacific,Singapore,222 ms,6.26
5.180.45.142,2087,TRUE,BUD,Europe,Budapest,178 ms,6.25
209.38.254.16,2053,TRUE,FRA,Europe,Frankfurt,219 ms,6.25
54.38.133.185,8443,TRUE,KBP,Europe,Kyiv,252 ms,6.25
51.178.81.128,8443,TRUE,FRA,Europe,Frankfurt,263 ms,6.25
51.83.182.145,8443,TRUE,WAW,Europe,Warsaw,224 ms,6.24
188.166.171.211,8443,TRUE,LHR,Europe,London,225 ms,6.24
188.165.26.149,2053,TRUE,CDG,Europe,Paris,237 ms,6.24
95.164.89.124,8443,TRUE,FRA,Europe,Frankfurt,245 ms,6.24
104.236.65.156,443,TRUE,EWR,North America,Newark,248 ms,6.24
174.138.10.155,8443,TRUE,AMS,Europe,Amsterdam,266 ms,6.24
147.135.161.142,2053,TRUE,LHR,Europe,London,194 ms,6.23
51.195.250.10,2053,TRUE,LHR,Europe,London,260 ms,6.23
51.38.111.255,8443,TRUE,FRA,Europe,Frankfurt,241 ms,6.22
135.125.169.10,2053,TRUE,FRA,Europe,Frankfurt,235 ms,6.21
134.209.166.201,2053,TRUE,EWR,North America,Newark,273 ms,6.21
23.27.24.191,443,TRUE,WAW,Europe,Warsaw,179 ms,6.19
51.195.119.195,2053,TRUE,FRA,Europe,Frankfurt,234 ms,6.19
139.59.206.9,443,TRUE,FRA,Europe,Frankfurt,210 ms,6.18
188.165.168.217,2083,TRUE,LHR,Europe,London,244 ms,6.18
137.74.218.217,8443,TRUE,CDG,Europe,Paris,197 ms,6.16
137.74.151.143,2053,TRUE,LHR,Europe,London,203 ms,6.16
54.38.59.227,2053,TRUE,WAW,Europe,Warsaw,204 ms,6.16
137.74.151.150,2053,TRUE,LHR,Europe,London,234 ms,6.16
51.75.41.141,2053,TRUE,WAW,Europe,Warsaw,264 ms,6.16
5.144.181.212,8443,TRUE,LHR,Europe,London,249 ms,6.14
38.180.166.33,2053,TRUE,FRA,Europe,Frankfurt,252 ms,6.13
176.31.34.19,8443,TRUE,LHR,Europe,London,263 ms,6.12
110.15.145.186,34237,TRUE,KIX,Asia Pacific,Osaka,94 ms,6.12
176.31.45.37,2053,TRUE,LHR,Europe,London,203 ms,6.11
64.226.78.40,8443,TRUE,FRA,Europe,Frankfurt,212 ms,6.11
141.95.118.106,2053,TRUE,FRA,Europe,Frankfurt,241 ms,6.11
192.210.161.147,443,TRUE,BUF,North America,Buffalo,244 ms,6.11
95.164.0.83,8443,TRUE,WAW,Europe,Warsaw,259 ms,6.11
45.136.50.241,2053,TRUE,AMS,Europe,Amsterdam,144 ms,6.1
54.38.15.238,8443,TRUE,CDG,Europe,Paris,198 ms,6.1
137.74.151.70,8443,TRUE,LHR,Europe,London,248 ms,6.1
51.83.172.80,8443,TRUE,WAW,Europe,Warsaw,268 ms,6.1
109.104.152.93,2053,TRUE,MCI,North America,Kansas City,259 ms,6.09
141.95.118.107,2053,TRUE,FRA,Europe,Frankfurt,216 ms,6.08
142.93.163.115,8443,TRUE,FRA,Europe,Frankfurt,211 ms,6.06
51.195.208.146,2053,TRUE,LHR,Europe,London,263 ms,6.06
70.34.244.6,2083,TRUE,WAW,Europe,Warsaw,195 ms,6.05
157.245.24.90,443,TRUE,FRA,Europe,Frankfurt,217 ms,6.05
128.199.41.142,2053,TRUE,AMS,Europe,Amsterdam,226 ms,6.05
95.164.32.60,2053,TRUE,MAD,Europe,Madrid,230 ms,6.05
54.38.133.185,2053,TRUE,WAW,Europe,Warsaw,246 ms,6.05
51.38.154.25,8443,TRUE,WAW,Europe,Warsaw,273 ms,6.05
38.180.208.31,2053,TRUE,IST,Europe,Istanbul,159 ms,6.04
91.217.139.94,34237,TRUE,LAX,North America,Los Angeles,190 ms,6.04
95.164.89.124,2053,TRUE,FRA,Europe,Frankfurt,233 ms,6.04
192.227.227.87,8443,TRUE,BUF,North America,Buffalo,248 ms,6.04
141.94.206.4,8443,TRUE,LHR,Europe,London,219 ms,6.03
185.252.215.77,8443,TRUE,FRA,Europe,Frankfurt,236 ms,6.03
45.144.48.122,443,TRUE,WAW,Europe,Warsaw,285 ms,6.03
45.67.228.101,8443,TRUE,AMS,Europe,Amsterdam,247 ms,6.02
95.164.35.63,8443,TRUE,WAW,Europe,Warsaw,267 ms,6.02
107.172.142.136,8443,TRUE,YYZ,North America,Toronto,320 ms,6.02
51.83.158.58,2053,TRUE,DME,Europe,Moscow,235 ms,6.01
188.166.201.22,8443,TRUE,AMS,Europe,Amsterdam,252 ms,6
162.19.151.3,2053,TRUE,FRA,Europe,Frankfurt,201 ms,5.99
161.35.73.79,2053,TRUE,FRA,Europe,Frankfurt,215 ms,5.99
51.195.208.151,8443,TRUE,LHR,Europe,London,237 ms,5.98
5.61.49.156,2053,TRUE,AMS,Europe,Amsterdam,147 ms,5.97
141.95.118.106,8443,TRUE,FRA,Europe,Frankfurt,219 ms,5.97
165.232.104.200,8443,TRUE,LHR,Europe,London,292 ms,5.97
38.180.10.150,443,TRUE,TLL,Europe,Tallinn,213 ms,5.96
134.122.103.212,2053,TRUE,LHR,Europe,London,225 ms,5.96
2.56.173.140,8443,TRUE,HEL,Europe,Helsinki,268 ms,5.96
107.172.146.211,34237,TRUE,BUF,North America,Buffalo,292 ms,5.96
38.60.206.101,8443,TRUE,IAD,North America,Ashburn,215 ms,5.95
45.159.251.238,8443,TRUE,MAD,Europe,Madrid,224 ms,5.95
94.23.106.119,8443,TRUE,CDG,Europe,Paris,267 ms,5.95
45.14.247.108,443,TRUE,FRA,Europe,Frankfurt,238 ms,5.94
38.180.110.184,8443,TRUE,FRA,Europe,Frankfurt,253 ms,5.94
54.38.216.49,443,TRUE,FRA,Europe,Frankfurt,234 ms,5.93
51.83.201.196,8443,TRUE,WAW,Europe,Warsaw,256 ms,5.92
64.176.67.82,443,TRUE,WAW,Europe,Warsaw,183 ms,5.91
135.125.169.111,2053,TRUE,FRA,Europe,Frankfurt,263 ms,5.91
137.74.150.89,8443,TRUE,LHR,Europe,London,263 ms,5.91
51.89.246.96,2053,TRUE,LHR,Europe,London,248 ms,5.9
64.226.65.208,2053,TRUE,FRA,Europe,Frankfurt,256 ms,5.89
80.71.157.204,443,TRUE,FRA,Europe,Frankfurt,258 ms,5.89
167.172.100.90,2053,TRUE,FRA,Europe,Frankfurt,298 ms,5.89
66.245.195.88,2087,TRUE,MAN,Europe,Manchester,187 ms,5.87
192.210.160.19,8443,TRUE,AMS,Europe,Amsterdam,172 ms,5.86
45.140.147.108,2053,TRUE,AMS,Europe,Amsterdam,223 ms,5.86
38.180.181.20,8443,TRUE,FRA,Europe,Frankfurt,235 ms,5.85
51.38.144.102,2053,TRUE,WAW,Europe,Warsaw,252 ms,5.84
149.202.30.5,8443,TRUE,CDG,Europe,Paris,229 ms,5.81
135.125.137.0,2053,TRUE,FRA,Europe,Frankfurt,233 ms,5.81
109.74.202.42,8443,TRUE,LHR,Europe,London,223 ms,5.8
172.232.157.132,2053,TRUE,ARN,Europe,Stockholm,192 ms,5.79
185.65.105.153,8443,TRUE,AMS,Europe,Amsterdam,210 ms,5.79
5.144.181.212,2053,TRUE,LHR,Europe,London,239 ms,5.79
135.125.215.57,2053,TRUE,FRA,Europe,Frankfurt,265 ms,5.78
38.180.113.235,8443,TRUE,IST,Europe,Istanbul,304 ms,5.78
24.144.77.0,8443,TRUE,AMS,Europe,Amsterdam,244 ms,5.77
94.131.15.61,443,TRUE,TLL,Europe,Tallinn,187 ms,5.76
141.11.40.67,34237,TRUE,AMS,Europe,Amsterdam,226 ms,5.75
162.19.135.219,8443,TRUE,FRA,Europe,Frankfurt,258 ms,5.75
51.38.15.188,8443,TRUE,LHR,Europe,London,225 ms,5.74
209.38.182.156,2087,TRUE,FRA,Europe,Frankfurt,229 ms,5.74
146.185.162.148,2053,TRUE,AMS,Europe,Amsterdam,241 ms,5.74
141.95.59.104,8443,TRUE,FRA,Europe,Frankfurt,255 ms,5.74
86.38.156.200,2053,TRUE,FRA,Europe,Frankfurt,252 ms,5.73
185.33.24.18,443,TRUE,AMS,Europe,Amsterdam,213 ms,5.72
45.87.155.30,2053,TRUE,KBP,Europe,Kyiv,230 ms,5.72
193.70.75.24,2053,TRUE,LHR,Europe,London,235 ms,5.72
51.75.84.90,8443,TRUE,FRA,Europe,Frankfurt,255 ms,5.72
37.252.7.9,8443,TRUE,FRA,Europe,Frankfurt,204 ms,5.71
152.42.148.76,8443,TRUE,AMS,Europe,Amsterdam,234 ms,5.71
185.231.205.144,2053,TRUE,CDG,Europe,Paris,242 ms,5.71
54.37.142.77,8443,TRUE,WAW,Europe,Warsaw,243 ms,5.71
45.153.229.108,2053,TRUE,WAW,Europe,Warsaw,205 ms,5.7
70.34.222.42,2053,TRUE,ARN,Europe,Stockholm,231 ms,5.7
157.230.20.213,2053,TRUE,FRA,Europe,Frankfurt,243 ms,5.7
164.92.132.232,8443,TRUE,FRA,Europe,Frankfurt,208 ms,5.69
46.101.192.148,443,TRUE,FRA,Europe,Frankfurt,211 ms,5.69
167.172.106.45,443,TRUE,FRA,Europe,Frankfurt,212 ms,5.69
70.34.222.245,2096,TRUE,FRA,Europe,Frankfurt,213 ms,5.69
5.182.36.208,2053,TRUE,FRA,Europe,Frankfurt,218 ms,5.69
146.70.145.195,443,TRUE,OSL,Europe,Oslo,228 ms,5.69
103.113.71.213,2053,TRUE,FRA,Europe,Frankfurt,269 ms,5.69
65.20.76.125,8443,TRUE,BOM,Asia Pacific,Mumbai,211 ms,5.68
51.83.244.141,8443,TRUE,WAW,Europe,Warsaw,246 ms,5.68
57.129.16.168,8443,TRUE,FRA,Europe,Frankfurt,259 ms,5.68
145.239.27.214,8443,TRUE,WAW,Europe,Warsaw,241 ms,5.67
188.166.116.153,443,TRUE,AMS,Europe,Amsterdam,244 ms,5.67
141.95.122.191,8443,TRUE,FRA,Europe,Frankfurt,212 ms,5.65
176.120.65.79,443,TRUE,FRA,Europe,Frankfurt,237 ms,5.65
51.75.33.90,2053,TRUE,WAW,Europe,Warsaw,237 ms,5.65
5.196.248.53,8443,TRUE,LHR,Europe,London,205 ms,5.64
195.54.175.128,8443,TRUE,AMS,Europe,Amsterdam,143 ms,5.63
64.176.67.99,443,TRUE,WAW,Europe,Warsaw,184 ms,5.63
64.226.78.40,2053,TRUE,FRA,Europe,Frankfurt,212 ms,5.63
86.104.74.197,2053,TRUE,CDG,Europe,Paris,273 ms,5.63
51.254.51.184,2053,TRUE,LHR,Europe,London,232 ms,5.62
51.75.41.141,8443,TRUE,WAW,Europe,Warsaw,265 ms,5.62
54.38.141.128,8443,TRUE,WAW,Europe,Warsaw,237 ms,5.61
146.59.155.205,2053,TRUE,LHR,Europe,London,238 ms,5.61
213.159.64.91,8443,TRUE,FRA,Europe,Frankfurt,248 ms,5.61
46.105.88.78,443,TRUE,LHR,Europe,London,217 ms,5.6
178.32.173.239,2053,TRUE,LHR,Europe,London,221 ms,5.6
94.131.120.53,443,TRUE,FRA,Europe,Frankfurt,275 ms,5.6
137.74.150.115,8443,TRUE,LHR,Europe,London,211 ms,5.59
87.98.244.164,2053,TRUE,CDG,Europe,Paris,251 ms,5.59
38.180.20.59,8443,TRUE,CPH,Europe,Copenhagen,201 ms,5.58
164.92.145.208,2053,TRUE,AMS,Europe,Amsterdam,217 ms,5.58
65.75.193.21,37813,TRUE,SJC,North America,San Jose,218 ms,5.58
172.245.81.181,8443,TRUE,BUF,North America,Buffalo,235 ms,5.57
95.164.0.219,443,TRUE,FRA,Europe,Frankfurt,256 ms,5.57
137.74.151.9,8443,TRUE,CDG,Europe,Paris,268 ms,5.57
70.34.248.95,443,TRUE,WAW,Europe,Warsaw,180 ms,5.56
23.147.232.6,443,TRUE,NRT,Asia Pacific,Tokyo,72 ms,5.55
86.38.156.88,2053,TRUE,FRA,Europe,Frankfurt,228 ms,5.54
107.173.171.199,8443,TRUE,BUF,North America,Buffalo,254 ms,5.54
95.164.16.84,443,TRUE,FRA,Europe,Frankfurt,234 ms,5.52
164.90.214.23,2083,TRUE,FRA,Europe,Frankfurt,245 ms,5.52
80.71.157.227,8443,TRUE,FRA,Europe,Frankfurt,280 ms,5.52
51.195.85.127,2053,TRUE,FRA,Europe,Frankfurt,258 ms,5.51
51.195.119.195,8443,TRUE,FRA,Europe,Frankfurt,239 ms,5.5
51.75.33.90,8443,TRUE,WAW,Europe,Warsaw,255 ms,5.5
50.7.235.115,2096,TRUE,AMS,Europe,Amsterdam,229 ms,5.49
67.205.130.91,8443,TRUE,EWR,North America,Newark,212 ms,5.48
45.205.0.62,443,TRUE,LAX,North America,Los Angeles,234 ms,5.47
45.91.94.7,8443,TRUE,VIE,Europe,Vienna,244 ms,5.47
95.164.47.33,2053,TRUE,FRA,Europe,Frankfurt,256 ms,5.47
195.16.74.133,2053,TRUE,IST,Europe,Istanbul,165 ms,5.46
107.173.171.219,443,TRUE,YYZ,North America,Toronto,271 ms,5.44
152.32.211.127,443,TRUE,LAX,North America,Los Angeles,189 ms,5.43
85.209.195.185,2053,TRUE,FRA,Europe,Frankfurt,249 ms,5.43
54.37.101.195,8443,TRUE,LHR,Europe,London,263 ms,5.42
194.58.56.165,443,TRUE,AMS,Europe,Amsterdam,145 ms,5.41
138.68.141.220,2053,TRUE,LHR,Europe,London,260 ms,5.41
154.9.230.7,34237,TRUE,LAX,North America,Los Angeles,184 ms,5.39
141.95.122.191,2053,TRUE,FRA,Europe,Frankfurt,205 ms,5.39
51.83.182.145,2053,TRUE,WAW,Europe,Warsaw,221 ms,5.39
172.232.150.17,8443,TRUE,ARN,Europe,Stockholm,181 ms,5.38
188.166.43.205,2053,TRUE,AMS,Europe,Amsterdam,251 ms,5.38
145.239.27.207,8443,TRUE,WAW,Europe,Warsaw,192 ms,5.37
5.144.181.130,2053,TRUE,LHR,Europe,London,193 ms,5.37
185.237.185.110,2053,TRUE,VNO,Europe,Vilnius,243 ms,5.37
51.75.56.247,8443,TRUE,WAW,Europe,Warsaw,244 ms,5.36
107.174.64.249,443,TRUE,BUF,North America,Buffalo,252 ms,5.36
45.8.145.194,2053,TRUE,AMS,Europe,Amsterdam,211 ms,5.35
154.9.241.153,44902,TRUE,LAX,North America,Los Angeles,174 ms,5.34
54.38.141.197,2053,TRUE,WAW,Europe,Warsaw,224 ms,5.34
51.83.201.205,2053,TRUE,WAW,Europe,Warsaw,239 ms,5.34
192.210.243.216,8443,TRUE,BUF,North America,Buffalo,252 ms,5.34
54.37.130.89,2053,TRUE,WAW,Europe,Warsaw,262 ms,5.34
80.92.206.132,8443,TRUE,AMS,Europe,Amsterdam,206 ms,5.33
172.245.9.30,34237,TRUE,YYZ,North America,Toronto,234 ms,5.33
54.37.72.128,8443,TRUE,FRA,Europe,Frankfurt,247 ms,5.33
135.125.255.39,2053,TRUE,FRA,Europe,Frankfurt,252 ms,5.33
51.83.200.173,8443,TRUE,DME,Europe,Moscow,281 ms,5.33
207.60.50.14,8443,TRUE,LAX,North America,Los Angeles,185 ms,5.32
137.74.151.12,8443,TRUE,LHR,Europe,London,229 ms,5.32
164.90.193.160,2053,TRUE,AMS,Europe,Amsterdam,222 ms,5.31
198.244.248.188,8443,TRUE,LHR,Europe,London,226 ms,5.31
165.22.116.163,8443,TRUE,LHR,Europe,London,263 ms,5.31
154.9.241.153,20676,TRUE,LAX,North America,Los Angeles,173 ms,5.3
38.180.72.162,2053,TRUE,CPH,Europe,Copenhagen,191 ms,5.3
188.166.26.126,8443,TRUE,AMS,Europe,Amsterdam,218 ms,5.3
45.144.49.154,443,TRUE,WAW,Europe,Warsaw,263 ms,5.3
145.239.27.192,8443,TRUE,WAW,Europe,Warsaw,267 ms,5.3
51.38.144.105,2053,TRUE,KBP,Europe,Kyiv,251 ms,5.29
37.143.129.35,2053,TRUE,HEL,Europe,Helsinki,277 ms,5.29
94.131.12.30,2053,TRUE,FRA,Europe,Frankfurt,270 ms,5.28
70.34.251.150,2053,TRUE,WAW,Europe,Warsaw,177 ms,5.27
37.59.247.10,8443,TRUE,LHR,Europe,London,201 ms,5.27
54.37.101.195,2053,TRUE,LHR,Europe,London,247 ms,5.27
188.166.83.30,2053,TRUE,AMS,Europe,Amsterdam,248 ms,5.27
176.97.74.41,8443,TRUE,TLL,Europe,Tallinn,251 ms,5.27
193.46.56.137,8443,TRUE,IST,Europe,Istanbul,170 ms,5.26
94.131.120.32,2096,TRUE,FRA,Europe,Frankfurt,250 ms,5.26
172.232.158.138,2053,TRUE,ARN,Europe,Stockholm,189 ms,5.25
38.180.99.188,2053,TRUE,AMS,Europe,Amsterdam,151 ms,5.24
51.83.60.82,2053,TRUE,LHR,Europe,London,237 ms,5.24
185.234.247.94,443,TRUE,AMS,Europe,Amsterdam,244 ms,5.24
5.135.235.101,8443,TRUE,CDG,Europe,Paris,248 ms,5.24
37.59.154.242,2053,TRUE,LHR,Europe,London,273 ms,5.24
51.89.28.178,2053,TRUE,FRA,Europe,Frankfurt,239 ms,5.23
51.89.246.96,8443,TRUE,LHR,Europe,London,248 ms,5.22
188.165.17.102,2053,TRUE,CDG,Europe,Paris,225 ms,5.21
51.89.29.90,8443,TRUE,FRA,Europe,Frankfurt,237 ms,5.21
137.74.151.70,2053,TRUE,LHR,Europe,London,195 ms,5.2
107.173.104.175,2053,TRUE,BUF,North America,Buffalo,238 ms,5.2
80.92.206.157,443,TRUE,AMS,Europe,Amsterdam,207 ms,5.19
5.39.20.182,8443,TRUE,LHR,Europe,London,238 ms,5.19
64.226.92.81,2053,TRUE,FRA,Europe,Frankfurt,293 ms,5.19
104.248.247.31,8443,TRUE,FRA,Europe,Frankfurt,228 ms,5.18
185.216.13.170,443,TRUE,AMS,Europe,Amsterdam,211 ms,5.17
89.233.107.149,34237,TRUE,AMS,Europe,Amsterdam,234 ms,5.16
38.242.158.2,443,TRUE,DUS,Europe,Düsseldorf,210 ms,5.15
54.37.246.204,8443,TRUE,LHR,Europe,London,215 ms,5.15
145.239.27.214,2053,TRUE,DME,Europe,Moscow,239 ms,5.15
104.167.197.130,8443,TRUE,MIA,North America,Miami,275 ms,5.14
137.74.151.64,8443,TRUE,LHR,Europe,London,192 ms,5.13
51.89.168.183,2053,TRUE,LHR,Europe,London,244 ms,5.13
5.144.181.236,8443,TRUE,LHR,Europe,London,245 ms,5.13
5.144.181.76,8443,TRUE,LHR,Europe,London,269 ms,5.13
5.144.181.232,2053,TRUE,LHR,Europe,London,257 ms,5.12
23.94.103.194,443,TRUE,DFW,North America,Dallas,264 ms,5.12
176.97.77.131,8443,TRUE,ARN,Europe,Stockholm,228 ms,5.11
164.92.189.13,2053,TRUE,FRA,Europe,Frankfurt,236 ms,5.11
85.208.109.143,443,TRUE,FRA,Europe,Frankfurt,267 ms,5.11
164.90.235.55,8443,TRUE,FRA,Europe,Frankfurt,214 ms,5.1
51.195.84.242,2053,TRUE,FRA,Europe,Frankfurt,225 ms,5.1
5.144.181.52,8443,TRUE,LHR,Europe,London,241 ms,5.1
91.92.16.233,443,TRUE,AMS,Europe,Amsterdam,155 ms,5.09
193.57.136.195,2053,TRUE,IST,Europe,Istanbul,193 ms,5.09
5.144.181.242,8443,TRUE,LHR,Europe,London,269 ms,5.09
95.164.87.35,8443,TRUE,AMS,Europe,Amsterdam,174 ms,5.08
107.173.15.199,443,TRUE,DFW,North America,Dallas,215 ms,5.08
45.205.0.204,2096,TRUE,LAX,North America,Los Angeles,238 ms,5.08
156.67.111.64,8443,TRUE,BOM,Asia Pacific,Mumbai,270 ms,5.08
176.31.34.19,2053,TRUE,LHR,Europe,London,261 ms,5.07
51.77.61.128,8443,TRUE,WAW,Europe,Warsaw,273 ms,5.07
154.205.148.225,443,TRUE,FRA,Europe,Frankfurt,278 ms,5.07
86.38.156.77,2053,TRUE,FRA,Europe,Frankfurt,232 ms,5.05
159.223.27.254,2053,TRUE,FRA,Europe,Frankfurt,243 ms,5.05
91.225.217.144,34237,TRUE,OSL,Europe,Oslo,268 ms,5.05
188.116.26.82,2053,TRUE,AMS,Europe,Amsterdam,154 ms,5.04
54.38.15.238,2053,TRUE,CDG,Europe,Paris,229 ms,5.04
206.189.97.245,8443,TRUE,AMS,Europe,Amsterdam,257 ms,5.04
145.239.27.201,2053,TRUE,WAW,Europe,Warsaw,263 ms,5.04
38.180.98.210,8443,TRUE,AMS,Europe,Amsterdam,153 ms,5.03
37.59.247.10,2053,TRUE,LHR,Europe,London,243 ms,5.03
51.195.85.117,2053,TRUE,FRA,Europe,Frankfurt,244 ms,5.03
154.9.230.57,34237,TRUE,LAX,North America,Los Angeles,187 ms,5.02
178.62.223.93,2053,TRUE,AMS,Europe,Amsterdam,291 ms,5.02
23.27.24.66,443,TRUE,WAW,Europe,Warsaw,179 ms,5.01
135.125.137.0,8443,TRUE,FRA,Europe,Frankfurt,206 ms,5.01
54.38.59.230,8443,TRUE,WAW,Europe,Warsaw,267 ms,5.01
91.225.217.156,2053,TRUE,OSL,Europe,Oslo,296 ms,5.01
139.59.134.109,8443,TRUE,FRA,Europe,Frankfurt,243 ms,5
54.38.133.178,2053,TRUE,WAW,Europe,Warsaw,247 ms,5
154.205.148.250,443,TRUE,FRA,Europe,Frankfurt,250 ms,5
54.38.141.128,2053,TRUE,WAW,Europe,Warsaw,203 ms,4.99
185.252.215.77,2053,TRUE,FRA,Europe,Frankfurt,244 ms,4.99
188.165.25.71,8443,TRUE,LHR,Europe,London,258 ms,4.99
74.211.102.111,443,TRUE,LAX,North America,Los Angeles,202 ms,4.98
45.205.0.59,2083,TRUE,LAX,North America,Los Angeles,238 ms,4.98
178.33.69.74,8443,TRUE,CDG,Europe,Paris,249 ms,4.98
46.105.240.174,8443,TRUE,LHR,Europe,London,255 ms,4.98
51.195.249.199,2053,TRUE,LHR,Europe,London,253 ms,4.96
95.164.1.174,2053,TRUE,FRA,Europe,Frankfurt,260 ms,4.96
179.43.140.35,443,TRUE,FRA,Europe,Frankfurt,180 ms,4.95
149.202.30.225,8443,TRUE,LHR,Europe,London,228 ms,4.95
149.202.103.250,8443,TRUE,LHR,Europe,London,247 ms,4.95
51.38.146.103,2053,TRUE,WAW,Europe,Warsaw,237 ms,4.94
51.195.43.174,2053,TRUE,FRA,Europe,Frankfurt,213 ms,4.92
45.205.0.134,2087,TRUE,LAX,North America,Los Angeles,240 ms,4.92
51.83.213.207,8443,TRUE,WAW,Europe,Warsaw,257 ms,4.92
164.132.80.19,8443,TRUE,CDG,Europe,Paris,219 ms,4.91
51.83.189.185,8443,TRUE,WAW,Europe,Warsaw,241 ms,4.91
51.195.250.22,2053,TRUE,LHR,Europe,London,244 ms,4.91
107.172.190.175,443,TRUE,YYZ,North America,Toronto,301 ms,4.91
5.61.49.156,8443,TRUE,AMS,Europe,Amsterdam,146 ms,4.9
51.75.84.90,2053,TRUE,FRA,Europe,Frankfurt,258 ms,4.9
62.3.12.73,443,TRUE,SOF,Europe,Sofia,177 ms,4.88
5.144.181.69,2053,TRUE,LHR,Europe,London,266 ms,4.87
103.35.188.19,8443,TRUE,EWR,North America,Newark,301 ms,4.87
64.227.33.225,443,TRUE,LHR,Europe,London,227 ms,4.86
54.37.142.77,2053,TRUE,WAW,Europe,Warsaw,245 ms,4.86
45.144.49.87,8443,TRUE,WAW,Europe,Warsaw,252 ms,4.86
154.9.241.153,12064,TRUE,LAX,North America,Los Angeles,182 ms,4.85
46.22.210.180,2053,TRUE,TLL,Europe,Tallinn,228 ms,4.85
209.38.177.158,8443,TRUE,FRA,Europe,Frankfurt,275 ms,4.85
149.28.132.58,2053,TRUE,SIN,Asia Pacific,Singapore,263 ms,4.84
185.235.243.20,2053,TRUE,IST,Europe,Istanbul,174 ms,4.83
5.144.181.140,8443,TRUE,LHR,Europe,London,174 ms,4.83
65.75.195.188,19316,TRUE,SJC,North America,San Jose,237 ms,4.83
51.195.85.127,8443,TRUE,FRA,Europe,Frankfurt,238 ms,4.83
194.61.31.206,2053,TRUE,BOM,Asia Pacific,Mumbai,267 ms,4.83
65.20.76.125,2053,TRUE,BOM,Asia Pacific,Mumbai,212 ms,4.81
45.144.29.45,2053,TRUE,AMS,Europe,Amsterdam,223 ms,4.81
54.38.141.135,2053,TRUE,WAW,Europe,Warsaw,227 ms,4.81
213.32.57.122,2053,TRUE,CDG,Europe,Paris,236 ms,4.81
86.38.156.53,8443,TRUE,FRA,Europe,Frankfurt,253 ms,4.81
86.38.156.167,8443,TRUE,FRA,Europe,Frankfurt,254 ms,4.81
45.205.0.130,8443,TRUE,LAX,North America,Los Angeles,239 ms,4.8
77.91.73.45,2053,TRUE,FRA,Europe,Frankfurt,268 ms,4.79
146.19.247.252,2053,TRUE,FRA,Europe,Frankfurt,278 ms,4.79
192.210.160.9,8443,TRUE,AMS,Europe,Amsterdam,174 ms,4.78
51.83.172.80,2053,TRUE,WAW,Europe,Warsaw,241 ms,4.78
51.89.250.114,2053,TRUE,LHR,Europe,London,247 ms,4.78
95.164.16.245,2087,TRUE,FRA,Europe,Frankfurt,278 ms,4.78
5.144.181.147,8443,TRUE,LHR,Europe,London,184 ms,4.77
94.131.99.18,2053,TRUE,FRA,Europe,Frankfurt,225 ms,4.77
94.131.9.190,8443,TRUE,CDG,Europe,Paris,255 ms,4.77
137.74.151.9,2053,TRUE,LHR,Europe,London,271 ms,4.77
23.95.248.118,8443,TRUE,LAX,North America,Los Angeles,218 ms,4.76
149.202.30.5,2053,TRUE,LHR,Europe,London,238 ms,4.76
51.83.173.81,2053,TRUE,WAW,Europe,Warsaw,241 ms,4.76
213.142.146.112,8443,TRUE,AMS,Europe,Amsterdam,162 ms,4.74
45.82.254.34,2053,TRUE,FRA,Europe,Frankfurt,244 ms,4.73
45.144.48.42,2053,TRUE,WAW,Europe,Warsaw,249 ms,4.72
147.135.198.52,8443,TRUE,WAW,Europe,Warsaw,251 ms,4.72
147.182.193.32,443,TRUE,SJC,North America,San Jose,158 ms,4.71
145.239.27.231,2053,TRUE,WAW,Europe,Warsaw,212 ms,4.71
45.205.0.29,2087,TRUE,LAX,North America,Los Angeles,225 ms,4.71
54.38.3.2,8443,TRUE,LHR,Europe,London,226 ms,4.71
45.205.0.75,8443,TRUE,LAX,North America,Los Angeles,234 ms,4.71
51.68.131.102,2053,TRUE,WAW,Europe,Warsaw,295 ms,4.71
51.38.74.29,8443,TRUE,LHR,Europe,London,251 ms,4.7
51.83.233.96,2053,TRUE,WAW,Europe,Warsaw,252 ms,4.7
45.205.0.213,2053,TRUE,LAX,North America,Los Angeles,233 ms,4.68
185.234.64.173,2053,TRUE,CDG,Europe,Paris,266 ms,4.68
54.37.45.127,2053,TRUE,LHR,Europe,London,284 ms,4.68
57.128.106.244,2053,TRUE,FRA,Europe,Frankfurt,183 ms,4.67
185.231.205.144,443,TRUE,CDG,Europe,Paris,242 ms,4.67
54.38.207.182,8443,TRUE,WAW,Europe,Warsaw,269 ms,4.67
91.217.139.121,8443,TRUE,LAX,North America,Los Angeles,180 ms,4.66
149.202.30.224,8443,TRUE,LHR,Europe,London,233 ms,4.66
38.180.56.32,8443,TRUE,ARN,Europe,Stockholm,240 ms,4.66
86.38.156.53,2053,TRUE,FRA,Europe,Frankfurt,248 ms,4.66
103.113.71.213,443,TRUE,FRA,Europe,Frankfurt,252 ms,4.66
94.131.120.7,443,TRUE,FRA,Europe,Frankfurt,254 ms,4.66
54.38.141.135,8443,TRUE,WAW,Europe,Warsaw,267 ms,4.66
2.56.173.49,8443,TRUE,HEL,Europe,Helsinki,274 ms,4.66
65.20.112.189,8443,TRUE,ARN,Europe,Stockholm,213 ms,4.65
188.116.21.18,8443,TRUE,AMS,Europe,Amsterdam,139 ms,4.64
206.189.6.229,443,TRUE,AMS,Europe,Amsterdam,218 ms,4.64
178.32.58.147,443,TRUE,CDG,Europe,Paris,243 ms,4.64
5.144.181.77,2053,TRUE,LHR,Europe,London,244 ms,4.64
51.254.77.133,8443,TRUE,LHR,Europe,London,227 ms,4.62
176.97.77.131,2053,TRUE,ARN,Europe,Stockholm,227 ms,4.62
85.209.195.185,8443,TRUE,FRA,Europe,Frankfurt,237 ms,4.62
5.144.181.248,2053,TRUE,LHR,Europe,London,190 ms,4.61
164.92.255.197,2053,TRUE,FRA,Europe,Frankfurt,208 ms,4.61
5.144.181.239,8443,TRUE,LHR,Europe,London,243 ms,4.61
192.210.160.9,2053,TRUE,AMS,Europe,Amsterdam,174 ms,4.6
188.166.201.22,2053,TRUE,AMS,Europe,Amsterdam,220 ms,4.6
198.23.223.178,8443,TRUE,BUF,North America,Buffalo,237 ms,4.6
174.138.8.21,443,TRUE,AMS,Europe,Amsterdam,273 ms,4.59
23.94.180.114,2053,TRUE,LAX,North America,Los Angeles,229 ms,4.58
94.23.95.212,8443,TRUE,LHR,Europe,London,276 ms,4.58
54.37.40.12,2053,TRUE,LHR,Europe,London,227 ms,4.57
141.95.40.203,2053,TRUE,FRA,Europe,Frankfurt,223 ms,4.56
164.90.185.37,8443,TRUE,FRA,Europe,Frankfurt,233 ms,4.55
176.120.66.65,2083,TRUE,FRA,Europe,Frankfurt,240 ms,4.55
5.144.181.52,2053,TRUE,LHR,Europe,London,266 ms,4.55
94.232.244.235,2053,TRUE,AMS,Europe,Amsterdam,221 ms,4.54
146.59.102.119,2053,TRUE,WAW,Europe,Warsaw,266 ms,4.54
94.131.112.237,8443,TRUE,AMS,Europe,Amsterdam,240 ms,4.53
23.95.235.137,443,TRUE,BUF,North America,Buffalo,256 ms,4.53
141.94.204.212,8443,TRUE,LHR,Europe,London,225 ms,4.52
145.239.239.26,8443,TRUE,WAW,Europe,Warsaw,261 ms,4.52
45.144.49.164,2053,TRUE,WAW,Europe,Warsaw,277 ms,4.52
137.74.150.67,2053,TRUE,LHR,Europe,London,188 ms,4.51
64.227.142.175,8443,TRUE,MAA,Asia Pacific,Chennai,205 ms,4.51
188.165.16.200,2053,TRUE,LHR,Europe,London,250 ms,4.51
151.80.222.77,2053,TRUE,LHR,Europe,London,252 ms,4.51
188.165.158.68,2053,TRUE,LHR,Europe,London,263 ms,4.5
45.205.0.242,2053,TRUE,LAX,North America,Los Angeles,265 ms,4.5
51.195.222.124,2053,TRUE,LHR,Europe,London,270 ms,4.5
107.175.193.164,2053,TRUE,AMS,Europe,Amsterdam,162 ms,4.49
147.135.199.37,8443,TRUE,WAW,Europe,Warsaw,245 ms,4.48
209.38.254.140,443,TRUE,FRA,Europe,Frankfurt,246 ms,4.48
141.95.17.10,2053,TRUE,FRA,Europe,Frankfurt,203 ms,4.47
45.144.48.33,2053,TRUE,WAW,Europe,Warsaw,236 ms,4.47
5.196.122.130,8443,TRUE,LHR,Europe,London,243 ms,4.47
188.165.26.97,8443,TRUE,LHR,Europe,London,249 ms,4.47
146.59.72.39,2053,TRUE,WAW,Europe,Warsaw,271 ms,4.47
54.37.246.204,2053,TRUE,LHR,Europe,London,280 ms,4.47
159.65.126.227,2053,TRUE,FRA,Europe,Frankfurt,219 ms,4.46
51.38.146.61,2053,TRUE,WAW,Europe,Warsaw,254 ms,4.46
209.38.240.115,2053,TRUE,FRA,Europe,Frankfurt,262 ms,4.46
85.209.195.93,8443,TRUE,FRA,Europe,Frankfurt,266 ms,4.46
145.239.27.229,8443,TRUE,WAW,Europe,Warsaw,279 ms,4.46
159.89.212.241,8443,TRUE,FRA,Europe,Frankfurt,215 ms,4.45
206.238.237.210,2053,TRUE,LAX,North America,Los Angeles,247 ms,4.44
95.164.16.7,2053,TRUE,FRA,Europe,Frankfurt,249 ms,4.44
51.38.109.192,2053,TRUE,FRA,Europe,Frankfurt,217 ms,4.43
51.83.213.207,2053,TRUE,WAW,Europe,Warsaw,275 ms,4.43
159.65.126.227,8443,TRUE,FRA,Europe,Frankfurt,284 ms,4.43
152.42.148.221,2053,TRUE,AMS,Europe,Amsterdam,251 ms,4.42
188.166.66.155,2053,TRUE,AMS,Europe,Amsterdam,220 ms,4.41
38.105.28.104,34237,TRUE,LAX,North America,Los Angeles,241 ms,4.41
141.94.205.130,8443,TRUE,LHR,Europe,London,255 ms,4.41
51.77.61.129,8443,TRUE,WAW,Europe,Warsaw,286 ms,4.41
5.144.181.147,2053,TRUE,LHR,Europe,London,182 ms,4.4
80.92.204.210,443,TRUE,FRA,Europe,Frankfurt,239 ms,4.4
188.116.21.18,2053,TRUE,AMS,Europe,Amsterdam,139 ms,4.39
139.162.145.35,8443,TRUE,FRA,Europe,Frankfurt,161 ms,4.39
152.228.155.122,2083,TRUE,CDG,Europe,Paris,236 ms,4.39
146.19.247.252,8443,TRUE,FRA,Europe,Frankfurt,267 ms,4.39
185.234.64.173,8443,TRUE,CDG,Europe,Paris,258 ms,4.38
141.95.59.104,2053,TRUE,FRA,Europe,Frankfurt,259 ms,4.38
137.74.3.79,2053,TRUE,WAW,Europe,Warsaw,236 ms,4.36
77.91.103.212,8443,TRUE,HEL,Europe,Helsinki,276 ms,4.36
45.8.147.247,2053,TRUE,ARN,Europe,Stockholm,197 ms,4.35
45.205.0.58,2083,TRUE,LAX,North America,Los Angeles,224 ms,4.35
145.239.27.201,8443,TRUE,WAW,Europe,Warsaw,247 ms,4.35
51.83.170.105,8443,TRUE,WAW,Europe,Warsaw,273 ms,4.35
221.144.199.55,34237,TRUE,ICN,Asia Pacific,Seoul,161 ms,4.34
174.138.4.22,8443,TRUE,AMS,Europe,Amsterdam,234 ms,4.34
38.180.110.184,2053,TRUE,FRA,Europe,Frankfurt,251 ms,4.34
86.104.74.78,2053,TRUE,CDG,Europe,Paris,268 ms,4.34
38.180.115.133,2053,TRUE,AMS,Europe,Amsterdam,139 ms,4.33
166.0.198.88,443,TRUE,TPE,Asia Pacific,Taipei,187 ms,4.33
51.195.169.100,8443,TRUE,LHR,Europe,London,225 ms,4.33
51.89.184.223,2053,TRUE,LHR,Europe,London,244 ms,4.33
23.94.168.19,2053,TRUE,BUF,North America,Buffalo,267 ms,4.32
107.174.63.237,443,TRUE,BUF,North America,Buffalo,271 ms,4.32
154.9.241.153,26650,TRUE,LAX,North America,Los Angeles,169 ms,4.31
95.164.1.174,8443,TRUE,FRA,Europe,Frankfurt,237 ms,4.3
188.165.25.71,2053,TRUE,LHR,Europe,London,238 ms,4.3
164.90.182.60,2053,TRUE,FRA,Europe,Frankfurt,240 ms,4.29
95.164.8.15,8443,TRUE,TLL,Europe,Tallinn,253 ms,4.29
165.232.81.187,8443,TRUE,AMS,Europe,Amsterdam,257 ms,4.29
185.235.243.20,8443,TRUE,IST,Europe,Istanbul,207 ms,4.28
77.91.122.34,8443,TRUE,AMS,Europe,Amsterdam,229 ms,4.28
51.75.75.132,8443,TRUE,FRA,Europe,Frankfurt,236 ms,4.28
138.124.180.18,2053,TRUE,EWR,North America,Newark,270 ms,4.28
37.143.129.131,8443,TRUE,HEL,Europe,Helsinki,280 ms,4.28
38.180.160.66,2053,TRUE,AMS,Europe,Amsterdam,146 ms,4.27
45.120.178.224,8443,TRUE,AMS,Europe,Amsterdam,156 ms,4.26
70.34.204.216,2053,TRUE,ARN,Europe,Stockholm,186 ms,4.26
45.144.49.167,443,TRUE,WAW,Europe,Warsaw,271 ms,4.26
137.74.150.89,2053,TRUE,LHR,Europe,London,242 ms,4.24
80.92.204.94,2053,TRUE,FRA,Europe,Frankfurt,250 ms,4.24
154.29.150.161,44754,TRUE,LAX,North America,Los Angeles,189 ms,4.23
65.20.115.49,8443,TRUE,ARN,Europe,Stockholm,202 ms,4.23
38.180.166.68,8443,TRUE,FRA,Europe,Frankfurt,207 ms,4.23
151.80.237.218,8443,TRUE,LHR,Europe,London,245 ms,4.23
23.95.233.234,34237,TRUE,YYZ,North America,Toronto,335 ms,4.23
23.94.168.73,34237,TRUE,BUF,North America,Buffalo,249 ms,4.22
51.75.67.144,8443,TRUE,FRA,Europe,Frankfurt,249 ms,4.22
152.42.148.76,2053,TRUE,AMS,Europe,Amsterdam,260 ms,4.22
5.144.181.156,8443,TRUE,LHR,Europe,London,212 ms,4.21
54.37.45.127,8443,TRUE,LHR,Europe,London,248 ms,4.21
5.144.181.110,2053,TRUE,LHR,Europe,London,189 ms,4.2
70.34.202.168,8443,TRUE,ARN,Europe,Stockholm,214 ms,4.2
165.232.84.203,2053,TRUE,AMS,Europe,Amsterdam,216 ms,4.2
94.131.119.50,8443,TRUE,OTP,Europe,Bucharest,251 ms,4.2
91.218.183.36,34237,TRUE,LHR,Europe,London,204 ms,4.19
157.230.127.100,8443,TRUE,FRA,Europe,Frankfurt,215 ms,4.19
86.104.74.197,2087,TRUE,CDG,Europe,Paris,285 ms,4.19
202.182.107.88,443,TRUE,NRT,Asia Pacific,Tokyo,60 ms,4.18
175.202.252.159,34237,TRUE,ICN,Asia Pacific,Seoul,167 ms,4.17
64.23.184.115,443,TRUE,SJC,North America,San Jose,177 ms,4.17
24.144.79.170,443,TRUE,AMS,Europe,Amsterdam,288 ms,4.17
206.238.237.5,2053,TRUE,LAX,North America,Los Angeles,221 ms,4.16
51.254.241.13,8443,TRUE,CDG,Europe,Paris,230 ms,4.16
137.74.150.214,8443,TRUE,LHR,Europe,London,244 ms,4.16
5.144.181.7,8443,TRUE,LHR,Europe,London,264 ms,4.16
94.131.100.136,8443,TRUE,HEL,Europe,Helsinki,265 ms,4.16
51.222.24.214,2053,TRUE,YYZ,North America,Toronto,329 ms,4.15
38.60.91.95,443,TRUE,LAX,North America,Los Angeles,263 ms,4.14
137.74.150.219,2053,TRUE,LHR,Europe,London,230 ms,4.13
38.180.99.189,8443,TRUE,AMS,Europe,Amsterdam,159 ms,4.12
94.131.123.31,2083,TRUE,IST,Europe,Istanbul,177 ms,4.11
5.144.181.43,2053,TRUE,LHR,Europe,London,257 ms,4.11
64.226.85.22,8443,TRUE,FRA,Europe,Frankfurt,263 ms,4.11
94.23.106.119,2053,TRUE,LHR,Europe,London,266 ms,4.11
161.35.156.85,2083,TRUE,AMS,Europe,Amsterdam,277 ms,4.11
145.239.27.231,8443,TRUE,WAW,Europe,Warsaw,184 ms,4.1
206.189.5.13,2053,TRUE,AMS,Europe,Amsterdam,228 ms,4.1
135.125.215.53,8443,TRUE,FRA,Europe,Frankfurt,250 ms,4.1
145.239.21.10,2053,TRUE,WAW,Europe,Warsaw,238 ms,4.09
141.95.117.100,8443,TRUE,FRA,Europe,Frankfurt,220 ms,4.08
164.92.145.208,8443,TRUE,AMS,Europe,Amsterdam,234 ms,4.08
51.195.169.110,2053,TRUE,LHR,Europe,London,237 ms,4.08
54.37.142.110,8443,TRUE,KBP,Europe,Kyiv,257 ms,4.08
207.154.226.124,2053,TRUE,FRA,Europe,Frankfurt,213 ms,4.07
38.180.105.201,443,TRUE,IST,Europe,Istanbul,247 ms,4.07
51.68.163.140,2053,TRUE,FRA,Europe,Frankfurt,255 ms,4.06
85.208.109.28,8443,TRUE,FRA,Europe,Frankfurt,272 ms,4.06
107.172.50.178,8443,TRUE,BUF,North America,Buffalo,246 ms,4.05
51.254.77.133,2053,TRUE,LHR,Europe,London,258 ms,4.05
135.125.197.168,443,TRUE,FRA,Europe,Frankfurt,258 ms,4.05
38.49.59.43,443,TRUE,LAX,North America,Los Angeles,189 ms,4.04
45.14.244.251,2053,TRUE,AMS,Europe,Amsterdam,190 ms,4.04
164.92.132.226,2053,TRUE,FRA,Europe,Frankfurt,248 ms,4.04
5.144.181.70,2053,TRUE,LHR,Europe,London,256 ms,4.04
45.87.154.19,2053,TRUE,AMS,Europe,Amsterdam,175 ms,4.03
51.75.89.14,8443,TRUE,FRA,Europe,Frankfurt,249 ms,4.02
37.252.7.9,2053,TRUE,FRA,Europe,Frankfurt,255 ms,4.02
5.144.181.7,2053,TRUE,LHR,Europe,London,260 ms,4.02
5.144.181.183,2053,TRUE,LHR,Europe,London,193 ms,4.01
51.195.210.181,8443,TRUE,LHR,Europe,London,213 ms,4.01
51.38.146.111,2053,TRUE,WAW,Europe,Warsaw,255 ms,4.01
86.104.74.165,2053,TRUE,CDG,Europe,Paris,274 ms,4.01
154.9.241.153,38808,TRUE,LAX,North America,Los Angeles,169 ms,4
45.205.0.187,2083,TRUE,LAX,North America,Los Angeles,190 ms,4
45.205.0.213,2083,TRUE,LAX,North America,Los Angeles,238 ms,4
188.165.158.68,8443,TRUE,LHR,Europe,London,253 ms,4
145.239.239.30,2053,TRUE,WAW,Europe,Warsaw,270 ms,4
172.105.78.175,443,TRUE,FRA,Europe,Frankfurt,156 ms,3.99
176.97.75.90,443,TRUE,FRA,Europe,Frankfurt,201 ms,3.99
5.144.181.181,2053,TRUE,LHR,Europe,London,210 ms,3.99
206.237.24.40,2083,TRUE,HKG,Asia Pacific,Hong Kong,57 ms,3.99
51.255.157.136,2053,TRUE,LHR,Europe,London,230 ms,3.98
45.89.55.200,2053,TRUE,BEG,Europe,Belgrade,243 ms,3.98
45.205.0.110,2087,TRUE,LAX,North America,Los Angeles,235 ms,3.97
51.91.174.185,8443,TRUE,LHR,Europe,London,250 ms,3.97
54.37.18.117,2053,TRUE,LHR,Europe,London,251 ms,3.97
139.59.149.90,8443,TRUE,FRA,Europe,Frankfurt,255 ms,3.97
38.180.170.183,443,TRUE,AMS,Europe,Amsterdam,134 ms,3.96
54.38.207.182,2053,TRUE,WAW,Europe,Warsaw,199 ms,3.96
188.165.26.149,8443,TRUE,LHR,Europe,London,243 ms,3.96
45.205.0.158,2053,TRUE,LAX,North America,Los Angeles,233 ms,3.95
51.178.37.179,8443,TRUE,LHR,Europe,London,240 ms,3.95
146.190.178.99,2053,TRUE,FRA,Europe,Frankfurt,250 ms,3.95
37.59.72.3,2053,TRUE,LHR,Europe,London,254 ms,3.95
91.92.16.17,443,TRUE,AMS,Europe,Amsterdam,174 ms,3.94
5.144.181.179,8443,TRUE,LHR,Europe,London,212 ms,3.94
51.195.208.133,8443,TRUE,LHR,Europe,London,219 ms,3.93
51.77.44.218,2053,TRUE,WAW,Europe,Warsaw,247 ms,3.93
38.180.15.45,443,TRUE,FRA,Europe,Frankfurt,170 ms,3.92
86.38.156.210,8443,TRUE,FRA,Europe,Frankfurt,215 ms,3.92
5.144.181.97,8443,TRUE,LHR,Europe,London,243 ms,3.92
139.59.134.109,2053,TRUE,FRA,Europe,Frankfurt,244 ms,3.92
135.125.215.53,2053,TRUE,FRA,Europe,Frankfurt,212 ms,3.91
137.74.151.64,2053,TRUE,LHR,Europe,London,222 ms,3.91
156.238.18.156,443,TRUE,LAX,North America,Los Angeles,231 ms,3.91
5.144.181.43,8443,TRUE,LHR,Europe,London,254 ms,3.91
51.75.76.170,443,TRUE,FRA,Europe,Frankfurt,258 ms,3.9
165.232.81.187,2053,TRUE,AMS,Europe,Amsterdam,225 ms,3.89
45.205.0.93,2053,TRUE,LAX,North America,Los Angeles,240 ms,3.89
51.89.124.132,8443,TRUE,FRA,Europe,Frankfurt,241 ms,3.89
51.178.175.235,8443,TRUE,LHR,Europe,London,263 ms,3.89
51.195.208.133,2053,TRUE,LHR,Europe,London,244 ms,3.88
45.205.0.99,2083,TRUE,LAX,North America,Los Angeles,303 ms,3.88
193.38.55.218,8443,TRUE,AMS,Europe,Amsterdam,194 ms,3.87
164.132.31.55,2053,TRUE,LHR,Europe,London,205 ms,3.87
94.131.98.32,443,TRUE,CPH,Europe,Copenhagen,216 ms,3.87
57.128.168.191,8443,TRUE,LHR,Europe,London,261 ms,3.87
38.180.113.235,2053,TRUE,IST,Europe,Istanbul,262 ms,3.87
134.209.196.191,2053,TRUE,AMS,Europe,Amsterdam,303 ms,3.87
5.144.181.140,2053,TRUE,LHR,Europe,London,171 ms,3.86
51.38.144.102,8443,TRUE,WAW,Europe,Warsaw,245 ms,3.86
45.144.48.49,2053,TRUE,WAW,Europe,Warsaw,247 ms,3.86
5.144.181.239,2053,TRUE,LHR,Europe,London,268 ms,3.86
5.61.49.231,2053,TRUE,AMS,Europe,Amsterdam,134 ms,3.85
206.189.249.108,2053,TRUE,FRA,Europe,Frankfurt,234 ms,3.85
51.89.246.97,2053,TRUE,LHR,Europe,London,266 ms,3.85
66.245.196.225,8443,TRUE,MAN,Europe,Manchester,187 ms,3.84
45.144.48.8,2053,TRUE,WAW,Europe,Warsaw,259 ms,3.84
51.89.170.186,8443,TRUE,LHR,Europe,London,272 ms,3.84
5.45.93.63,8443,TRUE,AMS,Europe,Amsterdam,153 ms,3.83
206.238.237.218,2083,TRUE,LAX,North America,Los Angeles,232 ms,3.83
51.38.69.149,8443,TRUE,LHR,Europe,London,240 ms,3.83
51.38.152.79,8443,TRUE,WAW,Europe,Warsaw,255 ms,3.83
45.67.228.46,2053,TRUE,AMS,Europe,Amsterdam,262 ms,3.83
64.226.94.33,443,TRUE,FRA,Europe,Frankfurt,210 ms,3.82
94.131.101.71,8443,TRUE,EWR,North America,Newark,255 ms,3.82
54.36.226.41,8443,TRUE,LHR,Europe,London,268 ms,3.82
23.94.200.24,34237,TRUE,ATL,North America,Atlanta,322 ms,3.81
154.64.238.134,25280,TRUE,LAX,North America,Los Angeles,164 ms,3.8
104.248.128.137,443,TRUE,FRA,Europe,Frankfurt,246 ms,3.8
45.205.0.92,2096,TRUE,LAX,North America,Los Angeles,250 ms,3.8
46.101.65.159,443,TRUE,LHR,Europe,London,257 ms,3.8
141.94.207.218,8443,TRUE,LHR,Europe,London,233 ms,3.79
5.144.181.161,8443,TRUE,LHR,Europe,London,243 ms,3.79
51.178.53.76,34237,TRUE,FRA,Europe,Frankfurt,247 ms,3.79
206.238.236.128,8443,TRUE,LAX,North America,Los Angeles,221 ms,3.78
206.238.236.149,8443,TRUE,LAX,North America,Los Angeles,233 ms,3.78
51.89.124.154,8443,TRUE,FRA,Europe,Frankfurt,234 ms,3.78
51.89.27.249,2053,TRUE,FRA,Europe,Frankfurt,241 ms,3.78
54.37.64.120,8443,TRUE,FRA,Europe,Frankfurt,254 ms,3.78
51.83.172.199,2053,TRUE,WAW,Europe,Warsaw,229 ms,3.77
154.9.241.153,31082,TRUE,LAX,North America,Los Angeles,169 ms,3.76
172.252.136.105,34237,TRUE,LAX,North America,Los Angeles,197 ms,3.76
185.239.71.240,443,TRUE,AMS,Europe,Amsterdam,210 ms,3.76
137.74.150.126,8443,TRUE,CDG,Europe,Paris,227 ms,3.76
